序號,補習班名稱,班址,電話,立案文號,立案日期,電子郵件,短期補習班類別,地區縣市
1,臺北市私立張赫數學文理短期補習班康寧分班,內湖區康寧路3段189巷6號2樓,(02)26310890,北市教終字第1133010854號,2024-06-27,changhyuk38491499@gmail.com,文理類,臺北市政府
2,艾思程式教育股份有限公司附設臺北市私立艾思程式技藝文理短期補習班,中山區北安路538巷1弄5號1樓,(02)2533-2133,北市教終字第1133009940號,2024-06-13,service@beyond-coding.org.tw,文理類,臺北市政府
3,臺北市私立文城文理短期補習班天母甲分班,士林區忠誠路2段170號2樓,(02)28766722,北市教終字第1133009305　號,2024-06-06,joey.wang@wmch.net,文理類,臺北市政府
4,臺北市私立邦妮兔音樂文理技藝短期補習班,大安區忠孝東路3段217巷6弄12號1樓,(02)22590316,北市教終字第1133010023號,2024-06-04,,文理類,臺北市政府
5,臺北市私立文城文理短期補習班天母分班,士林區忠誠路2段170號1樓,(02)28766722,北市教終字第1133008848號,2024-05-31,joey.wang@wmch.net,文理類,臺北市政府
6,台灣碳淨零股份有限公司附設臺北市私立碳淨零文理短期補習班,中正區公園路38號3樓,(02)2388-6661,北市教終字第1133008014號,2024-05-16,davidlaintu@msn.com,文理類,臺北市政府
7,臺北市私立張赫數學文理短期補習班東湖分班,內湖區康寧路3段189巷2號2、3、4、5樓,(02)26310890,北市教終字第1133007797號,2024-05-10,changhyuk38491499@gmail.com,文理類,臺北市政府
8,臺北市私立多佳文理短期補習班麗山分班,內湖區麗山街348巷1號1樓,(02)87977999,北市教終字第1133000038號,2024-05-10,joanna.hsu68@gmail.com,文理類,臺北市政府
9,舞育文創有限公司附設臺北市私立私立舞動世界新生技藝短期補習班,大安區忠孝東路3段100號3樓,(02)2778-8007,北市教終字第1133007816號,2024-05-10,dances922@gmail.com,音樂、舞蹈類,臺北市政府
10,臺北私立晨新文理短期補習班,信義區永吉路127巷30弄2號1樓,(02)27672658,北市府教終字第1133007643號,2024-05-09,rachelliao725@gmail.com,文理類,臺北市政府
11,臺北市私立路易思文理短期補習班,文山區景華街165之1號1樓、之2號1樓,(02)2931-8599,北市教終字第1133007648號,2024-05-08,luisashe@gmail.com,文理類,臺北市政府
12,臺北市私立寶鳴故事島文理短期補習班,信義區信義路5段150巷401弄14號1樓,0987540694,北市教終字第1133006786號,2024-04-26,blueboo0907@gmail.com,文理類,臺北市政府
13,林瀚英語教育訓練有限公司附設臺北市私立林瀚英語文理短期補習班木柵分班,文山區忠順街1段26巷3弄1號1樓,(02)2397-0100,北市教終字第1133006305號,2024-04-15,abckids.steam@gmail.com,文理類,臺北市政府
14,福爾摩莎華語交流文化事業有限公司附設臺北市私立寶島文理短期補習班,大安區羅斯福路3段335號3樓,0970-629824/0900551999,北市教終字第1133006220號,2024-04-12,funfanglin@gmail.com,文理類,臺北市政府
15,臺北市私立白石美術技藝短期補習班,內湖區港華街59號1樓,0910602009,北市教終字第1133005424號,2024-04-10,evan578@hotmail.com,美術、書法、攝影、美工設計、圍棋類,臺北市政府
16,臺北市私立寰兒文理技藝電腦短期補習班,中山區復興北路154號9樓,(02)27127272,北市教終字第1133004939號,2024-04-08,huiglobal@gmail.com,文理類,臺北市政府
17,臺北市私立鑽攻英文文理短期補習班,大安區信義路3段106號2樓之4,0912094965/0909555202,北市教終字第1133005645號,2024-04-01,xxw1032433214@gmail.com,文理類,臺北市政府
18,智慧樹教育出版股份有限公司附設臺北市私立鉛筆文理短期補習班,大同區承德路3段58號9樓之5、之6,(02)25921233,北市教終字第1133000022號,2024-03-27,pug8773@gmail.com,文理類,臺北市政府
19,臺北市私立精殷畫室技藝短期補習班,松山區南京東路4段75巷14弄15號1樓,0936080663,北市教終字第1133004420號,2024-03-25,emmahuang86.eh@gmail.com,美術、書法、攝影、美工設計、圍棋類,臺北市政府
20,臺北市私立共學小花園文理技藝短期補習班,內湖區康寧路1段128號3樓,0921423220,北市教終字第1133004472號,2024-03-21,stella730706@gmail.com,文理類,臺北市政府
21,臺北市私立哲任文理技藝短期補習班,士林區中山北路6段405巷74號1樓及76號1樓,(02)2876-2777,北市教終字第1133003458號,2024-03-21,happymandy666@gmail.com,文理類,臺北市政府
22,臺北市私立瀚軒文理技藝短期補習班,士林區天母北路39號1樓,(02)2872-4565,北市教終字第1133003662號,2024-03-21,oxdeidaraxo@gmail.com,文理類,臺北市政府
23,臺北市私立愛爾文理短期補習班,文山區景福街240號1樓,(02)2931-0499,北市教終字第1133004636號,2024-03-20,irenesenglishinstitute@gmail.com,文理類,臺北市政府
24,臺北市私立美好藝文文理技藝短期補習班,松山區復興北路179號4樓之1,0921608416,北市教終字第1133004516號,2024-03-18,louisadoemo@gmail.com,文理類,臺北市政府
25,臺北市私立新生學園文理技藝短期補習班,文山區仙岩路46號1樓、1樓夾層,(02)8931-2011,北市教終字第1133003194號,2024-03-06,imfeng0708@gmail.com,文理類,臺北市政府
26,臺北市私立樂學文理技藝短期補習班,松山區富錦街359巷2弄2號1樓,(02)2765-2755,北市教終字第1133002920號,2024-02-27,jlr1510@gmail.com,文理類,臺北市政府
27,臺北市私立慈暉文理技藝短期補習班,士林區永平街46巷1弄4號1樓,(02)2811-3589,北市教終字第1133002468號,2024-02-06,,文理類,臺北市政府
28,網路地球村語文資訊有限公司附設臺北市私立地球村文理短期補習班松北分班,松山區南京東路3段346號6樓,(02)5556-7777,北市教終字第1133002128號,2024-02-05,gvoedu888@gmail.com,文理類,臺北市政府
29,享知文教股份有限公司附設臺北市私立探險家英語文理短期補習班,大安區和平東路2段34號2樓,(02)23686068,北市教終字第1133002126號,2024-02-05,expl.english@gmail.com,文理類,臺北市政府
30,臺北市私立想放美術技藝短期補習班,內湖區民權東路6段49號1樓,0927101736,北市教終字第1133001738號,2024-01-29,egwu69@gmail.com,美術、書法、攝影、美工設計、圍棋類,臺北市政府
31,弋果文化事業股份有限公司附設臺北市私立弋果文理短期補習班,信義區信義路5段111號1樓,(02)2722-0558,北市教終字第1133001737號,2024-01-24,dunhua.tp@eagletw.com,文理類,臺北市政府
32,臺北市私立享趣學文理技藝短期補習班,大安區敦化南路2段63巷46號1樓,(02)23250820,北市教終字第1133000001號,2024-01-24,keensprouts.club@gmail.com,文理類,臺北市政府
33,誠果文化有限公司附設臺北市私立永安文理短期補習班,中山區明水路479號1樓,(02)25332111,北市教終字第1133001254號,2024-01-17,yongan.tp@eagletw.com,文理類,臺北市政府
34,臺北市私立奇蹟家族技藝文理短期補習班,信義區永吉路127巷23號1樓,(02)7729-0339,北市教終字第1123068567號,2024-01-11,kikifamilymarketing@gmail.com,文理類,臺北市政府
35,臺北市私立振瀧文理短期補習班,萬華區東園街73巷78號1樓、地下1樓,(02)2301-0328,北市教終字第1123068239號,2024-01-11,isaacsr0131@gmail.com,文理類,臺北市政府
36,臺北市私立奎奇英文文理短期補習班,大安區新生南路1段155號4樓,0955896067,北市教終字第1123068240號,2024-01-10,reticent1010@gmail.com,文理類,臺北市政府
37,臺北市私立寰國文理短期補習班,北投區石牌路1段188號8樓,(02)28226791,北市教終字第1123066566號,2023-12-22,huiglobal@gmail.com,文理類,臺北市政府
38,臺北市私立心禾文理技藝短期補習班,內湖區港墘路63號1、2層,0933897586,北市教終字第1123066764號,2023-12-12,shpreschool7577@gmail.com,文理類,臺北市政府
39,鹿學教育股份有限公司附設臺北市私立鹿學文理技藝短期補習班,中正區信義路2段157號1、2樓,(02)2536-1116,北市教終字第1123065901號,2023-12-05,deerkidstw@gmail.com,文理類,臺北市政府
1,高點教育科技股份有限公司附設私立北大高點文理短期補習班,三峽區大學路156之5號(1、2層),0226735568,1130912799,2024-06-24,,文理類,新北市政府
2,私立全慧文理短期補習班,中和區廣福路67號(1、2層),(02)22460069,府教社字第1131023996　號,2024-06-24,,文理類,新北市政府
3,私立泰瑞光華文理短期補習班,新莊區成功街83巷10號(1層),0222026020,1130998253,2024-06-18,,文理類,新北市政府
4,私立樹洞美語文理技藝短期補習班,三重區集智街60號(1、2層),0229120827,1131043608,2024-06-18,,文理類,新北市政府
5,私立永田文理技藝短期補習班,新店區永新街28號2樓,02-29120827,1130984669,2024-06-17,,文理類,新北市政府
6,私立新米蘭音樂技藝短期補習班,板橋區陽明街48號2樓,02-82511580,1130940707,2024-06-07,,音樂、舞蹈類,新北市政府
7,私立文城未來城文理短期補習班,林口區四維路60號(1、2層),02-26030768,,2024-06-07,,文理類,新北市政府
8,私立吉美文理短期補習班,淡水區崁頂三路99之6號(1層),02-???????,1130824648,2024-06-07,,文理類,新北市政府
9,私立宏遍文化文理短期補習班,新莊區頭前路116號(1層及夾層),02-29913568,1130743675,2024-05-31,,文理類,新北市政府
10,私立星燦文理短期補習班,板橋區莊敬路48號3樓,02-0000000,1130886287,2024-05-23,,文理類,新北市政府
11,私立文城周杰大豐文理短期補習班,新店區民族路89號2樓,02-29101136,1130743677,2024-05-22,,文理類,新北市政府
12,私立歐贏美語文理短期補習班,新店區安康路2段178號2樓,02-86666013,1130790917,2024-05-21,,文理類,新北市政府
13,私立棋樂園文理技藝短期補習班,淡水區民權路187巷60號1(層),02-28082500,1130791884,2024-05-20,,文理類,新北市政府
14,私立新成大文理短期補習班,三峽區弘園街28號(1層),02-86710228,1130754867,2024-05-16,,文理類,新北市政府
15,統頌文教事業有限公司附設私立旭學好文理技藝短期補習班,板橋區篤行路3段67號2樓,02-26758222,1130766926,2024-05-16,amigo1296star@gmail.com,文理類,新北市政府
16,私立育新教育文理短期補習班,永和區竹林路74號1、2樓,02-29265555,1130817455,2024-05-16,,文理類,新北市政府
17,私立貝蓓文理技藝短期補習班,土城區立德路74巷7號(1、2層),02-82625178,1130732302,2024-05-16,,文理類,新北市政府
18,私立欣欣文理短期補習班短期補習班,淡水區崁頂三路87號(1層)、89號(1層)、新市三路1段338號(1層),(02)28050111,府教社字第1130701417　號,2024-05-15,,文理類,新北市政府
19,私立育丞文理技藝短期補習班,板橋區莒光路16巷9號(1層),02-82595199,1130679768,2024-05-10,,文理類,新北市政府
20,琦荃全腦開發有限公司附設私立愛思維文理短期補習班,土城區中央路2段177巷20號(1層)及2樓,02-22700194,1130609037,2024-05-03,lovesway13914@gmail.com,文理類,新北市政府
21,私立立鼎文理短期補習班,土城區興城路81號1層及2樓及千歲路8號1層,,1130544201,2024-04-30,,文理類,新北市政府
22,私立賦格藝術音樂苑技藝短期補習班,林口區文化三路1段191巷3號1、2層,02-26068493,1130581562,2024-04-25,,音樂、舞蹈類,新北市政府
23,私立星優朵文理技藝短期補習班,新莊區中平路379號7樓,02-22791519,1130519808,2024-04-24,,文理類,新北市政府
24,私立奧絲文理技藝短期補習班,三重區自由街17巷14號1樓,02 -29711238,1130526927,2024-04-22,,文理類,新北市政府
25,英協文教有限公司附設私立文化文理短期補習班,林口區文化二路1段390號3樓、3樓之1、3樓之2、3樓之6,(02)87221000,府教社字第1130394893　號,2024-04-22,sikav.lien@britishcouncil.org.tw,文理類,新北市政府
26,私立波莫納文理技藝短期補習班,林口區仁愛路2段502之1號1層、502之2號1層,02-77289231,1130375475,2024-04-12,,文理類,新北市政府
27,私立橄欖樹昌平語文文理短期補習班,新莊區榮華路1段153號1層,(02)89956998,府教社字第1130377590　號,2024-04-09,,文理類,新北市政府
28,私立達成文理短期補習班,永和區福和路163號1、2層,02-29266380,1130394892,2024-04-08,joey.wang@wmch.net,文理類,新北市政府
29,米高美股份有限公司附設私立貝爾苑海山文理技藝短期補習班,板橋區民族路151巷28之1號(1、2樓),02-29527777,1130480013,2024-04-02,,文理類,新北市政府
30,私立康詠語文文理短期補習班,板橋區永豐街49巷10號1、2層,(02)89522468,府教社字第1130321053　號,2024-03-29,,文理類,新北市政府
31,何嘉仁文教事業股份有限公司附設私立明德文理短期補習班,土城區學士路413號4、5、6樓,02-27022873,1130325799,2024-03-29,,文理類,新北市政府
32,私立凱希文理短期補習班,板橋區板橋區民族路187號(1層),(02)29565733,府教社字第1130389679　號,2024-03-27,,文理類,新北市政府
33,私立藝思伯樂文理技藝短期補習班,板橋區金華街9巷3號(1層),02-29653699,1130400361,2024-03-26,,文理類,新北市政府
34,艾爾森國際文教事業股份有限公司附設私立艾爾森文理短期補習班,淡水區中山北路3段51號(1層),02-86310023,1130383207,2024-03-22,,文理類,新北市政府
35,私立優越思創文理短期補習班,板橋區漢生東路297之1號(1、2層),02-29589528,1130364695,2024-03-20,,文理類,新北市政府
36,私立韋德文理短期補習班,三峽區大學路31號4樓,(02)26710026,府教社字第1130283577　號,2024-03-19,,文理類,新北市政府
37,私立誠睿文理短期補習班,新莊區裕民街85巷2號1樓(由85巷2號及85巷22弄20號合併),02-29011712,1130267690,2024-03-13,alan.huang0103@gmail.com,文理類,新北市政府
38,私立思全文理短期補習班,淡水區新市一路3段101巷16弄48號1層,02-26239349,1130219136,2024-03-12,,文理類,新北市政府
39,私立樂學習昌平文理短期補習班,新莊區中原東路93號1層及夾層,02-285211290,1130134768,2024-03-05,,文理類,新北市政府
40,私立舞蹈天使童顏舞集技藝短期補習班,泰山區明志路2段318號2樓,02-22976466,1130144020,2024-03-05,,音樂、舞蹈類,新北市政府
41,私立若怯如愚文理短期補習班,新莊區鳳山街56巷53號1樓,02-26907676,1130192123,2024-03-05,,文理類,新北市政府
42,明光文教事業股份有限公司附設私立進塾得和文理短期補習班,永和區得和路121號(1、2層),02-22331377,1130299329,2024-03-04,,文理類,新北市政府
43,私立全宥文理技藝短期補習班,永和區竹林路66巷4號(1層)、64號2樓,02-29266592,1130162917,2024-03-04,angel02882000@yahoo.com.tw,文理類,新北市政府
44,私立碩果時間文理短期補習班,永和區保福路2段136號(由134號1樓、136號1樓合併),02-29254989,1130185257,2024-02-20,,文理類,新北市政府
45,私立奧創文理短期補習班,三重區集賢路161號1、2樓,0228570994,1130101777,2024-02-19,,文理類,新北市政府
46,私立樂馨音樂技藝短期補習班,新莊區中平路127號2樓,0939878865,1130101778,2024-02-16,,音樂、舞蹈類,新北市政府
47,私立高手文理短期補習班,樹林區樹新路211號、211之1號,0226825101,1130156906,2024-02-16,,文理類,新北市政府
48,私立翊誠文理短期補習班,三重區忠孝路3段8號2樓,0229850802,1130047007,2024-02-15,,文理類,新北市政府
49,私立禾欣文理短期補習班,永和區民生路31號2樓,0911731194,1130099821,2024-02-05,,文理類,新北市政府
50,私立塏地安文理技藝短期補習班,新莊區頭前路138號1層及夾層,29905520,1130090032,2024-02-02,,文理類,新北市政府
51,吾思有限公司附設私立吾思文理短期補習班,中和區景新街107號1、2樓,0282455805,1122395689,2024-01-15,,文理類,新北市政府
52,私立好樂耳技藝短期補習班,泰山區明志路2段229號1、2樓,22978609,1122576918,2024-01-11,goodearmusic520@gmail.com,音樂、舞蹈類,新北市政府
53,私立語樂美語文理短期補習班,板橋區莒光路77之1號1、2樓,22527979,1122313871,2024-01-11,,文理類,新北市政府
54,私立日進文理短期補習班,淡水區民族路50巷36號3樓,28090992,1122514531,2024-01-10,,文理類,新北市政府
55,私立象邸文理技藝短期補習班,蘆洲區仁愛街77巷22號(1層),82866808,1122508993,2024-01-09,seetheelephant1224@gmail.com,文理類,新北市政府
56,裕仁文教有公司附設私立裕仁文理短期補習班,新莊區中原路81-1號(1、2層),29901085,1122395688,2023-12-29,,文理類,新北市政府
57,鼎仁文教有限公司附設私立鼎仁文理短期補習班,三重區三賢街71號(1層及夾層),28559328,1122320585,2023-12-28,,文理類,新北市政府
58,夏恩國際教育股份有限公司附設私立北新文理短期補習班,新店區永新街22號3樓,66370166,1122483431,2023-12-28,,文理類,新北市政府
59,私立䕒䕒文理短期補習班,林口區南勢街248號1樓(一層),0912126832,1122446853,2023-12-26,,文理類,新北市政府
60,私立萌芽文理短期補習班,板橋區實踐路130號3樓,29631169,1122441883,2023-12-26,,文理類,新北市政府
61,私立康唯美語文理短期補習班,新莊區中原路91號2樓,29964978,1122400782,2023-12-23,,文理類,新北市政府
62,私立32U視覺藝術技藝短期補習班,林口區文化三路2段41巷10號,0926204567,1122465864,2023-12-22,,美術、書法、攝影、美工設計、圍棋類,新北市政府
63,私立愛樂者技藝短期補習班,新莊區榮華路1段5號1樓、7號1樓,85213237,1122356325,2023-12-20,philharmoniker.musik@gmail.com,音樂、舞蹈類,新北市政府
64,私立雨農文理短期補習班,板橋區雨農路50號、52號、54號、56號2樓,22540260,1122362291,2023-12-15,,文理類,新北市政府
65,私立巨騰文理短期補習班,土城區裕民路70號2樓,82616000,1122263057,2023-12-11,liveabcleli@gmail.com,文理類,新北市政府
66,私立瑞莎塔東湖文理技藝短期補習班,林口區信義路59號(1、2層),26069049,1122350876,2023-12-07,,文理類,新北市政府
67,私立吾米創發文理技藝短期補習班,淡水區後洲路1段111號3樓,28052898,1122132335,2023-12-07,,文理類,新北市政府
68,私立京英文理短期補習班,鶯歌區建國路210巷4號(1、2層)、4號之1(1層),26788587,1122332249,2023-12-06,,文理類,新北市政府
1,私立麋爾頓文理技藝短期補習班,大園區大勇路26號2-5樓,(03)2878335,府教終字第1130173300號,2024-06-27,miltonkids2022@gmail.com,文理類,桃園市政府
2,私立嘉分文理短期補習班,平鎮區環南路三段53-1號2樓,(03)4579669,府教終字第1130130366號,2024-06-20,Hs2253@hess.com.tw,文理類,桃園市政府
3,私立上課囉文理短期補習班,中壢區皓東街23號1樓,(03)4520908,府教終字第1130143629號,2024-06-18,alwaysrs@gmail.com,文理類,桃園市政府
4,私立湯瑪士文理短期補習班,八德區中山路117號1-2樓,(03)3732003,府教終字第1130116766號,2024-06-13,d038458@hotmail.com,文理類,桃園市政府
5,成鋼國際股份有限公司附設私立樂青英語文理短期補習班,龜山區文化二路526號1樓,(03)3970221,府教終字第1130155268號,2024-06-12,zhiweisteam@gmail.com,文理類,桃園市政府
6,私立樂捷文理技藝短期補習班,桃園區莊敬路一段187號1-3樓,(03)3161791,府教終字第1130087089號,2024-04-25,yifen@cycu.org.tw,文理類,桃園市政府
7,私立方華文理短期補習班中壢分班,平鎮區德育路97號1-3樓,(03)4261358,府教終字第1130070392號,2024-04-19,jean56688@yahoo.com.tw,文理類,桃園市政府
8,私立愛樂藝術坊技藝短期補習班,蘆竹區忠孝西路39號2樓,(03)3222096,府教終字第1130067298號,2024-04-17,a0932075091@gmail.com,音樂、舞蹈類,桃園市政府
9,私立沐樂文理技藝短期補習班,八德區豐田三路71號1樓及夾層,(03),府教終字第1130087088號,2024-04-10,Halus651109@gmail.com,外語類,桃園市政府
10,私立快樂家文理短期補習班,龜山區樂學路560號1樓,(03)3282636,府教終字第1130066435號,2024-04-09,peggy9999g@gmail.com,文理類,桃園市政府
11,私立學府音樂技藝短期補習班,中壢區長樂二街27號1樓,(03)4336488,府教終字第1130062773號,2024-04-02,imusic4336488@gmail.com,音樂、舞蹈類,桃園市政府
12,私立方華文理短期補習班楊梅分班,楊梅區環南路216號1-2樓,(03)4880868,府教終字第1130048199號,2024-04-02,jean56688@yahoo.com.tw,文理類,桃園市政府
13,私立文恩文理短期補習班,桃園區延平路168號1-2樓,(03)2180570,府教終字第1130060294號,2024-03-19,Wending164@gmail.com,外語類,桃園市政府
14,私立武欣文理短期補習班,中壢區過嶺路一段22號1-4樓,(03)4206781,府教終字第1130035122號,2024-03-13,wuhsing2024@gmail.com,文理類,桃園市政府
15,私立上群文理短期補習班,蘆竹區五福六路28號1樓,(03)3229477,府教終字第1130061014號,2024-03-13,ssssun2@gmail.com,文理類,桃園市政府
16,私立嘉成文理短期補習班,八德區介壽路一段919號4樓之1、4樓之2、4樓之3,(03)3662598,府教終字第113019675號,2024-02-26,hs2249@hess.com.tw,外語類,桃園市政府
17,私立荼荼舞蹈空間技藝短期補習班,大園區大成路一段10號1、2樓,(03)2877555,府教終字第1130013545號,2024-02-23,will101zs@gmail.com,音樂、舞蹈類,桃園市政府
18,私立茱莉亞技藝短期補習班,蘆竹區六福路156號1樓,(03)3526897,府教終字第1130010579號,2024-02-07,rebecca790202@gmail.com,音樂、舞蹈類,桃園市政府
19,私立龍科國際美語村文理短期補習班,龍潭區梅龍路500號1樓,(03)4791109,府教終字第1130005741號,2024-01-31,mikechang@arthouses.com.tw,文理類,桃園市政府
20,私立一千英文文理短期補習班,平鎮區振興路59號1樓及2樓部分,(03)4592258,府教終字第1130010643號,2024-01-31,ycliu@callutheran.edu,文理類,桃園市政府
21,私立千和文理短期補習班,龍潭區神龍路224號1-2樓,(03)4791885,府教終字第1130012927號,2024-01-25,allgood4791885@gmail.com,文理類,桃園市政府
22,私立奧首華文理短期補習班快樂分班,桃園區大有路715號1-3樓,(03)3587231,府教終字第1120344388號,2024-01-23,Ba871100@gmail.com,文理類,桃園市政府
23,私立啟程文理短期補習班,龍潭區中正路185巷1號1-3樓,(03)4797058,府教終字第1120357022號,2024-01-16,liveabclongtan@gmail.com,文理類,桃園市政府
24,私立河馬美術技藝短期補習班,桃園區南豐街193號1-2樓,(03)3663721,府教終字第1120360595號,2024-01-16,Yijing4877ann@gmail.com,美術、書法、攝影、美工設計、圍棋類,桃園市政府
25,得邑投資股份有限公司私立好學習文理短期補習班,桃園區大有路150號1-2樓,(03)3361515,府教終字第1120325480號,2024-01-03,m3361515@meikoschool.com.tw,文理類,桃園市政府
26,私立弘揚文理短期補習班,中壢區龍東路410號1-2樓,(03)4560923,府教終字第1120333607號,2024-01-02,chiospea@yahoo.com.tw,文理類,桃園市政府
27,私立小立昇文理短期補習班,中壢區普光街117號1-3樓,(03)4662829,府教終字第1120300424號,2023-12-19,tsung851221@gmail.com,文理類,桃園市政府
28,私立雷盟德技藝文理短期補習班,龍潭區神龍路284號1-4樓,(03)4704720,府教終字第1120314825號,2023-12-06,raymondesign4@gmail.com,文理類,桃園市政府
29,私立才鼎文理短期補習班,桃園區中山北路45號4樓,(03)3352456,府教終字第1120306943號,2023-12-06,gonobel@seed.net.tw,文理類,桃園市政府
30,私立育昇大成文理語文短期補習班和平分班,八德區和平路174號、176號1樓及174-1號2樓,(03)3765350,府教終字第1120302982號,2023-12-01,ysdc3765350@gmail.com,文理類,桃園市政府
1,臺中市私立崇光維尼文理短期補習班,臺中市大里區東明路233、235號1-2樓,(04)2487-6359,中市教終字第1130051943號,2024-06-25,toohmaster2002@yahoo.com.tw,文理類,臺中市政府
2,宜禾文教事業有限公司附設臺中市私立宜禾文理短期補習班,臺中市沙鹿區平等路47號1-4樓,(04)26655533,中市教終字第1130048443號,2024-06-14,,文理類,臺中市政府
3,松麗資訊文教發展有限公司附設臺中市私立宇軒美語短期補習班,臺中市北區陝西四街58號1樓、地下1樓,(04)22939968,中市教終字第1130050203號,2024-06-13,kerchung2001@yahoo.com.tw,文理類,臺中市政府
4,臺中市私立藝嘉人技藝短期補習班,臺中市西屯區朝馬七街10號1-2樓,0931-375166,中市教終字第1130048502號,2024-06-11,sexybeautywe112@gmail.com,美容、美髮理髮類,臺中市政府
5,六角教育有公司附設臺中市私立騰科文理技藝短期補習班,臺中市南屯區向上路一段688號(第一層),(04)23109900,中市教終字第1130048002號,2024-06-11,dashin202308@gmail.com,文理類,臺中市政府
6,臺中市私立彩攸文理技藝短期補習班,臺中市西區忠仁街92號1-2樓,(04)23728178,中市教終字第1130045591號,2024-05-30,jadynchang1208@gmail.com,文理類,臺中市政府
7,臺中市私立世圻文理電腦短期補習班,臺中市潭子區潭陽路59巷2號1-4樓,(04)2536-1286,中市教終字第1130045241號,2024-05-30,open312@gmail.com,文理類,臺中市政府
8,臺中市私立旭星文理短期補習班新興分班,臺中市太平區新興路205號1-4樓,(04)23951062,中市教終字第1130044432號,2024-05-28,sunrise7762@gmail.com,文理類,臺中市政府
9,臺中市私立唯藝術美術短期補習班,臺中市南屯區河南路四段198號1-3樓,(04)22522188,中市教終字第1130042882號,2024-05-28,taichungwellart@gmail.com,美術、書法、攝影、美工設計、圍棋類,臺中市政府
10,臺中市私立荷雅文理短期補習班,臺中市北屯區松竹路二段383-2號1-2樓,(04)22462202,中市教終字第1130041710號,2024-05-22,pupu5201314@gmail.com,文理類,臺中市政府
11,優高晉教育股份有限公司附設臺中市私立優高晉文理短期補習班,臺中市北屯區軍福十三路393號1-3樓,(04)2330-6092,中市教終字第1130043180號,2024-05-22,chenclemente@gmail.com,文理類,臺中市政府
12,明光文教事業股份有限公司附設臺中市私立進塾昌平文理短期補習班,臺中市北屯區昌平路二段8之17號1-4樓,(04)2242-8588,中市教終字第1130033768號,2024-05-20,public@meikoschool.com.tw,文理類,臺中市政府
13,臺中市私立祐任文理短期補習班,臺中市北區文化街20之1號1-2樓,0983608601,中市教終字第1130041303號,2024-05-16,g1122351@gmail.com,文理類,臺中市政府
14,臺中市私立程學文理短期補習班,臺中市南屯區惠中路三段43號1-4樓,(04)22510970,中市教終字第1130038102號,2024-05-13,mpmz116@gmail.com,文理類,臺中市政府
15,臺中市私立牧克音樂短期補習班,臺中市東區臺中路131號4樓,(04)24067758*21,中市教終字第1130039292號,2024-05-13,amy@firstone.com.tw,音樂、舞蹈類,臺中市政府
16,臺中市私立信航文理短期補習班,"臺中市西區四維街2-1號,2-1號地下室",(04)22226191,中市教終字第1130037339號,2024-05-09,stylinvention@gmail.com,文理類,臺中市政府
17,臺中市私立绘畫室美術短期補習班,臺中市南區學府路135巷2弄13號（使用樓層：1樓）,0975385795,中市教終字第1130037928號,2024-05-07,gzl74143@gmail.com,美術、書法、攝影、美工設計、圍棋類,臺中市政府
18,臺中市私立沐川技藝短期補習班,臺中市潭子區雅豐街268號1-2樓,(04)2535-7167,中市教終字第1130037423號,2024-05-06,cash681125685117@gmail.com,音樂、舞蹈類,臺中市政府
19,愛思嘉國際顧問有限公司附設臺中市私立環球美業技藝文理短期補習班,臺中市西區美村路一段118巷9號3樓,(04)23261999,中市教終字第1130032620號,2024-05-03,gbas.tw@gmail.com,文理類,臺中市政府
20,臺中市私立月曜新光文理短期補習班,臺中市南屯區河南路四段336號1-3樓,(04)22556611,中市教終字第1130035029號,2024-05-02,tumei57@gmail.com,文理類,臺中市政府
21,智碩資優文教事業有限公司附設臺中市私立IL劍橋國際文理短期補習班,臺中市豐原區同安街100號1-2樓,(04)25250019,中市教終字第1130034451號,2024-04-30,vic25201216@gmail.com,文理類,臺中市政府
22,臺中市私立創意小奇兵音樂短期補習班,臺中市南區明德街32號2樓,(04)25250252,中市教終字第1130035385號,2024-04-30,,音樂、舞蹈類,臺中市政府
23,臺中市私立哈伯美語短期補習班,臺中市大里區五福二街81號1-2樓,0923258184,中市教終字第1130033854號,2024-04-30,boss093854@gmail.com,外語類,臺中市政府
24,臺中市私立劉轍文理短期補習班西屯分班,臺中市西屯區西屯路三段179之5號1-2樓,(04)24625955,中市教終字第1130034096號,2024-04-26,sandy4032@yahoo.com.tw,文理類,臺中市政府
25,臺中市私立百富鑫文理短期補習班,臺中市西屯區西屯路三段166之7號1-3樓,(04)24612666,中市教終字第1130028678號,2024-04-26,mpmz116@gmail.com,文理類,臺中市政府
26,臺中市私立美智文理短期補習班,臺市南區復興路二段103號（使用樓層：1樓）、103號2樓、107-3號（使用樓層：1-2樓）,(04),中市教終字第1130031803號,2024-04-24,,文理類,臺中市政府
27,臺中市私立亮點文理短期補習班,臺中市西屯區洛陽路146號1-2樓,(04)23154840,中市教終字第1130032161號,2024-04-19,wttysummer@gmail.com,文理類,臺中市政府
28,臺中市私立京賀文理短期補習班,臺中市烏日區健行北路116號1-2樓,0921325744,中市教終字第1130026356號,2024-04-09,rita.jacky43@gmail.com,文理類,臺中市政府
29,臺中市私立全美文理短期補習班,臺中市神岡區社南街237巷3號1-2樓,(04)2562-7889,中市教終字第1130025922號,2024-04-09,gf.school75@gmail.com,文理類,臺中市政府
30,臺中市私立巨揚文理短期補習班,臺中市西屯區上安路118號2樓、上安路130號1-2樓(含夾層),(04)24525296,中市教終字第1130024051號,2024-03-27,tc30.allan.hsieh@gmail.com,文理類,臺中市政府
31,臺中市私立政儒文理短期補習班,臺中市豐原區大明路157號1-3樓,(04)2522-9916,中市教終字第1130021916號,2024-03-25,juniorestw@yahoo.com.tw,文理類,臺中市政府
32,臺中市私立愛知育文理技藝短期補習班,臺中市北屯區熱河路三段202號,(04)22478882,中市教終字第1130017208號,2024-03-18,,文理類,臺中市政府
33,臺中市私立指標音樂美術短期補習班,臺中市潭子區福潭路616號(使用樓層:1-2樓),(04)25364142,中市教終字第1130018992號,2024-03-13,d220865422@gmail.com,音樂、舞蹈類,臺中市政府
34,財團法人天主教社會服務修女會附設臺中市私立樂之學堂文理技藝短期補習班,臺中市南屯區公益路2段489號1-2樓,(04)22515127,中市教終字第1130015426號,2024-03-05,gongyi2489@gmail.com,文理類,臺中市政府
35,臺中市私立志朔文理短期補習班,臺中市梧棲區臺灣大道八段958號1-2樓,(04)26577878,中市教終字第1130015957號,2024-03-05,hueiju_yang@hotmail.com,文理類,臺中市政府
36,臺中市私立跑跑星球文理技藝短期補習班,臺中市清水區民族路三段51號（使用樓層：1樓、夾層）,(04),中市教終字第1130014980號,2024-02-29,zuzurun20202@gmail.com,文理類,臺中市政府
37,臺中市私立美第奇技藝短期補習班,臺中市北屯區旱溪西路三段183號(使用樓層:1樓及夾層),(04)23937476,中市教終字第1130010900號,2024-02-29,MEDICI23937476@gmail.com,音樂、舞蹈類,臺中市政府
38,臺中市私立樹德文理短期補習班,臺中市南區復興北路507號1-2樓,(04),中市教終字第1130012013號,2024-02-27,ch22658288@gmail.com,文理類,臺中市政府
39,臺中市私立文昌自然文理短期補習班,臺中市大甲區文武路2號4樓(面積253.66平方公尺),0952-790789,中市教終字第1130014977號,2024-02-27,wenchang0609@gmail.com,文理類,臺中市政府
40,臺中市私立葉子畫室美術短期補習班,臺中市清水區海濱路221之72號1-2樓,(04),中市教終字第1130009085號,2024-02-20,,美術、書法、攝影、美工設計、圍棋類,臺中市政府
41,臺中市私立子苗文理短期補習班,臺中市烏日區健行路285號1樓,(04)23389666,中市教終字第1130011777號,2024-02-19,fisherenglish888@gmail.com,文理類,臺中市政府
42,臺中市私立家恩文理短期補習班,臺中市沙鹿區中清路六段261巷156號1-2樓,(04)26151533,中市教終字第1130009715號,2024-02-19,jpeitsai@gmail.com,文理類,臺中市政府
43,臺中市私立宇芳文理短期補習班,臺中市太平區立功路83號1-2樓,(04)23950683,中市教終字第1130011549號,2024-02-15,,文理類,臺中市政府
44,臺中市私立童音文理技藝短期補習班,臺中市西區五權西五街107號1-2樓,(04)23761212,中市教終字第1130008793號,2024-02-06,pc820103@gmail.com,文理類,臺中市政府
45,臺中市私立新達文英語短期補習班,臺中市后里區甲后路一段129號1-2樓,(04)25576329,中市教終字第1130009906號,2024-02-05,dawen3939@gmail.com,文理類,臺中市政府
46,樺田文教事業有限公司附設臺私立樺田文理短期補習班,臺中市北屯區崇德六路一段129號1-4樓,(04)22466826,中市教終字第1130008408號,2024-02-01,,文理類,臺中市政府
47,臺中市私立鑫區勢文理短期補習班,臺中市北屯區景賢十路5號(使用樓層:1-3樓),(04)24351536,中市教終字第1130007046號,2024-02-01,dongshanxiao817@gmail.com,文理類,臺中市政府
48,育百代文教事業有限公司附設臺中市私立育百代文理技藝短期補習班,臺中市沙鹿區鎮南路二段321號4樓,(04)26655533,中市教終字第1130005859號,2024-02-01,jane0790426@gmail.com,文理類,臺中市政府
49,臺中市私立璟學文理短期補習班,臺中市大里區益民路一段155號1-2樓,0936-921087,中市教終字第1130009272號,2024-01-31,chinghsueh0155@gmail.com,文理類,臺中市政府
50,臺中市私立興萬將文理短期補習班,臺中市烏日區榮泉路96號1-5樓,(04),中市教終字第1130007000號,2024-01-31,wanjiangwenli@gmail.com,文理類,臺中市政府
51,臺中市私立卓越國際文理短期補習班,臺中市烏日區健行北路96號1-2樓,(04)23376699,中市教終字第1130007473號,2024-01-31,chenyumin127@gmail.com,文理類,臺中市政府
52,臺中市私立星特文理短期補習班,臺中市南屯區向上路二段312號1-4樓,(04)0809056988,中市教終字第1130007475號,2024-01-31,e.confcs@gmail.com,文理類,臺中市政府
53,人仁資優文化事業有限公司附設臺中市私立人仁文理短期補習班南陽分班,豐原區南陽路425號1-3樓,(04)25263355,中市教終字第1130003632號,2024-01-26,paogiraffe@hotmail.com,文理類,臺中市政府
54,臺中市私立語芳文理音樂短期補習班,臺中市太平區立功路162號1-2樓,(04)23950683,中市教終字第1130007245號,2024-01-25,,文理類,臺中市政府
55,臺中市私立雋迪亞文理短期補習班,臺中市大甲區三民路235號1-2樓,(04)26800000,中市教終字第1130006331號,2024-01-24,fruit19850805@gmail.com,文理類,臺中市政府
56,人仁資優文化事業有限公司附設臺中市私立人仁文理短期補習班瑞穗分班,豐原區中正路389號2樓之1、2樓之3,(04)25130200,中市教社字第1120114661號,2024-01-19,paogiraffe@hotmail.com,文理類,臺中市政府
57,臺中市私立海線科學王文理短期補習班,臺中市大甲區文昌街60號1-3樓,(04)26713716,中市教終字第1130002652號,2024-01-15,wenchang0609@gmail.com,文理類,臺中市政府
58,臺中市私立獨角獸文理技藝短期補習班,臺中市南區文心南路817號1-2樓,(04)22601800,中市教終字第1120114116號,2024-01-09,unicorn22601800@gmail.com,文理類,臺中市政府
59,臺中市私立藝學音樂短期補習班,臺中市南屯區永春東路998號1-2樓,(04)23827009,中市教終字第1120114640號,2024-01-05,,,
60,臺中市私立愛思樂文理短期補習班,臺中市清水區光華路58號（使用樓層：1樓）、58號2樓、58號3樓、58號4樓,(04)26228158,中市教終字第1120113404號,2024-01-03,,文理類,臺中市政府
61,臺中市私立日暘英語短期補習班,臺中市南屯區龍富路四段59號1-2樓,(04)37079662,中市教終字第1120113047號,2024-01-02,tde6356@yahoo.com.tw,外語類,臺中市政府
62,富錦未來股份有限公司附設臺中市私立學吧文理技藝短期補習班勝三分班,臺中市太平區新興路169號4樓之2,(04)23951867,中市教終字第1120113881號,2024-01-02,fjbchrd@gmail.com,文理類,臺中市政府
63,優杰休閒股份有限公司附設臺中市私立瑜家瑜珈短期補習班,臺中市西屯區福科二路60號1-3樓,(04)24528725,中市教終字第1120110175號,2023-12-29,yogar.yoga.spa@gmail.com,瑜珈類,臺中市政府
64,臺中市私立文丞文理短期補習班,臺中市龍井區中央路二段1巷11之2號1-4樓,(04)26225890,中市教終字第1120107763號,2023-12-28,psipsi1341@icloud.com,文理類,臺中市政府
65,臺中市私立樂光文理美術短期補習班,臺中市大里區爽文路1151號1-4樓,(04)2406-0310,中市教終字第1120111272號,2023-12-21,s01236@gmail.com,文理類,臺中市政府
66,富錦未來股份有限公司附設臺中市私立學吧文理技藝短期補習班勝四分班,臺中市太平區新興路169號5樓,(04)23951867,中市教終字第1120107903號,2023-12-18,fjbchrd@gmail.com,文理類,臺中市政府
67,富錦未來股份有限公司附設臺中市私立學吧文理技藝短期補習班勝二分班,臺中市太平區新興路169號4樓之1,(04)23951867,中市教終字第1120107900號,2023-12-18,fjbchrd@gmail.com,文理類,臺中市政府
68,臺中市私立弦宏音樂短期補習班,"臺中市南屯區大墩四街310號1樓,夾層,2樓",(04)23813358,中市教終字第1120105802號,2023-12-07,Happy653469@gmail.com,音樂、舞蹈類,臺中市政府
69,富錦未來股份有限公司附設臺中市私立學吧文理技藝短期補習班,臺中市太平區新興路169號2樓之2,(04)23951867,中市教終字第1120103816號,2023-12-01,fjbchrd@gmail.com,文理類,臺中市政府
70,富錦未來股份有限公司附設臺中市私立學吧文理技藝短期補習班勝一分班,臺中市太平區新興路169號2樓之1,(04)23951867,中市教終字第1120103817號,2023-12-01,fjbchrd@gmail.com,文理類,臺中市政府
1,瑀睿文教事業有限公司附設臺南市私立恩睿文理技藝短期補習班(為比對教職員工資料預登立案資訊),永康區大橋二街267號1-2樓、273號1-2樓,(06)3022333,教社字第　號,2024-07-15,,,
2,臺南市私立尚育文理短期補習班永大分班(為比對教職員工資料預登立案資訊),永康區永大路二段410號2樓,(06)2053418,教社字第　號,2024-06-28,,,
3,傑競弘升文教事業有限公司附設臺南市私立傑晉文理短期補習班(為比對教職員工資料預登立案資訊),安南區安中路三段201號1-3樓,0921586898,南市教社字第　號,2024-06-27,angel20061314@gmail.com,文理類,臺南市政府
4,臺南市私立讀思塾文理短期補習班(為比對教職員工資料預登立案資訊),善化區西拉雅大道398之1號1樓,(06)5836040,南市教社字第  號,2024-06-21,f44026204@gmail.com,文理類,臺南市政府
5,臺南市私立清水城文理短期補習班,永康區中華西街98號1-2樓,(06)6020888,南市教社字第1130830875號,2024-06-17,Shimizu.castle@gmail.com,外語類,臺南市政府
6,臺南市私立金鑫安文理短期補習班(為比對教職員工資料預登立案資訊),安平區建平十一街262號1-2樓,(06)2996929,南市教社字第　號,2024-06-12,goldmeda12996929@gmail.com,文理類,臺南市政府
7,臺南市私立巷內學堂文理短期補習班,東區崇明十三街7號1-2樓,(06)2604572,南市教社字第1130828395號,2024-06-12,wasd10804@gmail.com,文理類,臺南市政府
8,典陸教育科技股份有限公司附設臺南市私立典陸文理短期補習班北門分班(為比對教職員工資料預登立案資訊),中西區北門路一段171號1-7樓及夾層,(06)2147135,南市教社字第　號,2024-06-07,silentcountry@hotmail.com,文理類,臺南市政府
9,典陸教育科技股份有限公司附設臺南市私立典陸文理短期補習班(為比對教職員工資料預登立案資訊),東區怡東路151號1-2樓,(06)3310569,南市教社字第　號,2024-06-06,silentcountry@hotmail.com,文理類,臺南市政府
10,臺南市私立尚學樂文理短期補習班,東區東成街79號1樓,(06)2678641,南市教社字第1130748391號,2024-05-29,rainbow3682@gmail.com,文理類,臺南市政府
11,嶺瀚文教事業有限公司附設臺南市私立非凡文理短期補習班海佃分班(為比對教職員工資料預登立案資訊),安南區安富街143號1-2樓,(06)2500899,南市教社字第　號,2024-05-28,feifanpolo@gmail.com,文理類,臺南市政府
12,臺南市私立學知文理技藝短期補習班,永康區大橋一街103巷151號1-2樓,(06)3035098,南市教社字第1130689923號,2024-05-17,jaosnwings@yahoo.com.tw,文理類,臺南市政府
13,臺南市私立威者文理短期補習班,安南區安中路三段375巷1號1-2樓,(06)2475247,南市教社字第1130641801號,2024-05-15,wizard.eng.school@gmail.com,文理類,臺南市政府
14,恩丞文教股份有限公司附設臺南市私立明瀚文理短期補習班,安南區永續十街96號1-2樓,0978752066,南市教社字第1130670058號,2024-05-14,Minghan.Ada@gmail.com,文理類,臺南市政府
15,臺南市私立宇雯文理短期補習班,東區崇學路206號1-2樓,(06)2699789,南市教社字第1130621045號,2024-05-01,ben54321.tw@gmail.com,文理類,臺南市政府
16,臺南市私立學養文理短期補習班,東區裕文路70之1號1-2樓,0925559465,南市教社字第1130361714號,2024-03-14,sw341357@yahoo.com.tw,文理類,臺南市政府
17,臺南市私立匡鴻文理短期補習班,新化區中山路135號1-2樓,(06)5900097,南市教社字第1130347594號,2024-03-11,,文理類,臺南市政府
18,希橙文創有限公司附設臺南市私立明金文理短期補習班,東區崇明路618號1-3樓,(06)2909697,南市教社字第1130309669號,2024-02-27,goldmedal2909697@gmail.com,文理類,臺南市政府
19,臺南市私立詹老師文理短期補習班,東區崇德三街58號1-2樓,(06)3352528,南市教社字第1130309573號,2024-02-27,willxyz72@gmail.com,文理類,臺南市政府
20,臺南市私立美勢達文理技藝短期補習班,安平區文平路187巷38號1-2樓,(06)2955938,南市教社字第1130294327號,2024-02-27,snowclam1@icloud.com,文理類,臺南市政府
21,臺南市私立好兒童英語會話文理短期補習班,東區崇學路96巷30號1-2樓,(06)2600526,南市教社字第1130296702號,2024-02-26,jy9126@yahoo.com.tw,文理類,臺南市政府
22,臺南市私立學尚文理短期補習班,安平區華平路559號1-2樓,0925559465,南市教社字第1130184674號,2024-02-15,sw341357@yahoo.com.tw,文理類,臺南市政府
23,臺南市私立德樂文理短期補習班,北區大興街585巷11號2樓,(06)2586641,南市教社字第1130194694號,2024-01-31,alexkssh@gmail.com,文理類,臺南市政府
24,臺南市私立放心學文理短期補習班,善化區西拉雅大道410之1號1樓,(06)5836040,南市教社字第1130150520號,2024-01-24,funwaynanke@gmail.com,文理類,臺南市政府
25,臺南市私立高碩文理短期補習班,安南區宜居路386號1-2樓、388號1-2樓,(06)2590666,南市教社字第1130108185號,2024-01-22,kaohminghaidian@gmail.com,文理類,臺南市政府
26,臺南市私立哈波特文理技藝短期補習班,北區開元路71巷26號1樓,(06)2085390,南市教社字第1130104892號,2024-01-19,hellopotter2023@gmail.com,文理類,臺南市政府
27,臺南市私立㦡學文理短期補習班,佳里區復興路38號1-2樓,(06)7238882,南市教社字第1130092817號,2024-01-12,,文理類,臺南市政府
28,臺南市私立翻轉讀書繪文理技藝短期補習班,東區崇明路187巷7號1-2樓,(06)2679239,南市教社字第1130086226號,2024-01-09,maksim5127@gmail.com,文理類,臺南市政府
29,得勝者文教股份有限公司附設臺南市私立得勝者文教文理短期補習班,中西區北門路一段101號10樓,(06)2228018,南市教社字第1130084314號,2024-01-08,victormotorized@gmail.com,文理類,臺南市政府
30,臺南市私立晉吉文理短期補習班,西港區慶安路237之4號1-2樓,(06)7954591,南市教社字第1121705984號,2023-12-28,,文理類,臺南市政府
31,臺南市私立睿思文理技藝短期補習班,新市區大順三路125號3樓之1,(06)5051660,南市教社字第1121701040號,2023-12-26,sprewell1237@msn.com,文理類,臺南市政府
32,臺南市私立佳賀文理短期補習班,安南區溪東一街110號1-4樓,(06)2508008,南市教社字第1121698384號,2023-12-22,cywtina@gmail.com,文理類,臺南市政府
33,臺南市私立學好文理短期補習班,東區東平路253號1-2樓,06-2095588,南市教社字第1121673965號,2023-12-22,sw341357@yahoo.com.tw,文理類,臺南市政府
34,臺南市私立先巧聖文理短期補習班,南區萬年五街352號1-2樓,(06)2626007,南市教社字第1121674076號,2023-12-22,saveearth7722@hotmail.com,文理類,臺南市政府
35,臺南市私立愛上文理短期補習班,永康區國光六街86號1-2樓及夾層,(06)2050512,南市教社字第1121569979號,2023-12-11,,文理類,臺南市政府
36,臺南市私立聿品文理短期補習班,佳里區義民街343號1-2樓,(06)7232985,南市教社字第1121581738號,2023-12-11,,文理類,臺南市政府
1,私立柏樂圍棋文理技藝短期補習班,左營區修明街132號1-2樓及夾層,0960003536,高市教社字第11334547200號,2024-06-17,leejean426@gmail.com,文理類,高雄市政府
2,私立瘋美學院美容技藝短期補習班,三民區十全二路331號6樓之1,0925215959,高市教社字第11333582300號,2024-05-14,leejean426@gmail.com,美容、美髮理髮類,高雄市政府
3,私立強納生美語文理短期補習班新上分班,左營區自由二路77號1-2樓,07-5563066,高市教社字第11333523400號,2024-05-09,leejean426@gmail.com,文理類,高雄市政府
4,威爾森文教事業股份有限公司附設高雄市私立威爾森鳳翔文理短期補習班,鳳山區環河街18號3樓,,高市教社字第11332806100號,2024-04-29,angel20061314@gmail.com,文理類,高雄市政府
5,樂咪音樂文教有限公司附設樂咪音樂學院技藝短期補習班,鳳山區文興街2號1-2樓,7463347,高市教社字第11332728700號,2024-04-19,leeyuwen23@gmail.com,音樂、舞蹈類,高雄市政府
6,明光青年文教有限公司附設明光青年文理短期補習班,鳳山區文衡路394號1-2樓,7774997,高市教社字第11332556000號,2024-04-18,khcn@meikoschool.com.tw,文理類,高雄市政府
7,私立高登畫苑技藝文理短期補習班,楠梓區右昌街143巷30弄21號1樓,364-3876,高市教社字第11332740100號,2024-04-15,siou8112@gmail.com,文理類,高雄市政府
8,明光鳳山文教有限公司附設明光鳳山文理短期補習班,鳳山區瑞興路31號1樓,7107018,高市教社字第11332136800號,2024-03-27,,文理類,高雄市政府
9,私立仁澄文理技藝短期補習班,仁武區仁雄路288號1-4樓,558-6602,高市教社字第11333994100號,2024-03-27,hilton0910@gmail.com,文理類,高雄市政府
10,精華國際教育管理顧問股份有限公司附設精英國際文理技藝短期補習班,鳳山區南華一路123巷3號1-4樓,,高市教社字第11331938200號,2024-03-27,,文理類,高雄市政府
11,私立立明文理短期補習班永仁分班,仁武區永仁街578號1-4樓,0937678995,高市教社字第11332230300號,2024-03-25,english. liming@gmail.com,文理類,高雄市政府
12,私立欣叡文理短期補習班,左營區孟子路389號1-2樓,350-0958,高市教社字第11332039100號,2024-03-18,mkse929@gmail.com,文理類,高雄市政府
13,私立凱瑞文理短期補習班,鳳山區新富路256號1-2樓,767-5889,高市教社字第11331799800號,2024-03-15,study_better@kimo.com,文理類,高雄市政府
14,私立石老師文理短期補習班,仁武區永仁街596號1-4樓,372-7719,高市教社字第11331742300號,2024-03-08,welestw1223@gmail.com,文理類,高雄市政府
15,私立強納生美語文理短期補習班華泰分班,左營區華泰路344號1-3樓,552-8362/0931805831柴華森主任,高市教社字第11331656300號,2024-03-05,bert_chi@livemail.tw,文理類,高雄市政府
16,私立成大文理短期補習班博愛分班,三民區自由一路77號1-5樓,07-5565996,高市教社字第11331371100號,2024-02-22,c0929718717@hotmail.com,文理類,高雄市政府
17,瀚將教育科技股份有限公司附設百瀚文理短期補習班岡山分班,岡山區公園東路70號1-3樓,0983-802836,高市教社字第11330891500號,2024-02-02,raybozhi22@hotmail.com,文理類,高雄市政府
18,私立宏奎文理短期補習班,苓雅區廣州一街163號4樓之2,958-1688,高市教社字第11330461400號,2024-01-23,farco0913@hotmail.com,文理類,高雄市政府
19,逸璿國際有限公司附設私立夢想起飛美業國際教育技藝短期補習班,苓雅區光華一路206號13樓之5,223-7828,高市教社字第11239845200號,2024-01-03,leejean426@gmail.com,美容、美髮理髮類,高雄市政府
20,私立主人翁文理技藝短期補習班,岡山區竹圍中街100號1-4樓,622-4789,高市教社字第11239889900號,2023-12-29,stanford_e_s@yahoo.com.tw,文理類,高雄市政府
21,愛薪爽爽教育有限公司附設私立愛學館文理短期補習班鳳甲分班,鳳山區武營路296號1樓夾層、2樓,7262781,高市教社字第11239580800號,2023-12-22,istudy7262781@gmail.com,文理類,高雄市政府
22,私立肯塔基文理短期補習班仁武分班,仁武區仁雄路91-7號1-4樓,956-5656,高市教社字第11239586100號,2023-12-18,kentuckyrw@gmail.com,文理類,高雄市政府
23,私立高斯數理教育學院文理短期補習班,三民區義明街11號1-2樓,0933088096,高市教社字第11239606600號,2023-12-14,fw3008@yahoo.com.tw,文理類,高雄市政府
24,高明一對一學習有限公司附設高鼎一對一文理短期補習班,新興區中正二路190號3樓之1,(07)226-3000,高市教社字第11239592000號,2023-12-13,027.km101@gmail.com,文理類,高雄市政府
25,私立捷勝文理短期補習班林園分班,林園區林園北路439號2-3樓,(07)641-8111,高市教社字第11239435000號,2023-12-07,ling543889@yahoo.com.tw,文理類,高雄市政府
1,基隆市私立吉美技藝文理短期補習班,基隆市仁愛區仁一路261-7號,（02）2428-9299,基府教終貳字第1130206290號,2024-03-13,,外語類,基隆市政府
2,基隆市私立喬語語文技藝短期補習班,基隆市安樂區樂利二街62巷202號1樓,（02）2432-1080,基府教終貳字第1130204888號,2024-03-11,,外語類,基隆市政府
3,基隆市私立逢士文理短期補習班,基隆市信義區教忠街62號1樓,（02）2466-6828,基府教終貳字第1120257206號,2023-12-12,,文理類,基隆市政府
1,新竹市私立三民文理短期補習班,新竹市新竹市東區自由路69號4樓之2,(03)5457666,府教社字第1130102254號,2024-06-19,,文理類,新竹市政府
2,新竹市私立綠丘技藝短期補習班,新竹市新竹市東區埔頂二路157號1樓及1樓夾層,(03),府教社字第1130090507號,2024-05-29,,美術、書法、攝影、美工設計、圍棋類,新竹市政府
3,新竹市私立聯城文理短期補習班,新竹市新竹市東區民族路31號8樓,(03)5221286,府教社字第1130075853號,2024-05-16,joey.wang@wmch.net,文理類,新竹市政府
4,新竹市私立米亞舞蹈短期補習班,新竹市東區仙水里光復路一段485巷6弄11、15號1樓,(03)6663703,府教社字第1130070086號,2024-04-22,anawin0522@gmail.com,音樂、舞蹈類,新竹市政府
5,艾學爾國際有限公司附設新竹市私立艾學爾文理短期補習班關埔分班,新竹市東區埔頂三路2號1-2樓,(03),府教社字第1130065607號,2024-04-15,,文理類,新竹市政府
6,新竹市私立群益文理短期補習班,新竹市東區光復路一段517號1-2樓,(03)5715688,府教社字第1130065737號,2024-04-15,,文理類,新竹市政府
7,新竹市私立奧爾文理短期補習班,新竹市自由路95巷18弄2號1~2樓,(03)5320785,府教社字第1130052867號,2024-03-19,joekuo.hsinchu19800324@gmail.com,文理類,新竹市政府
8,臺師菁英文教事業股份有限公司附設新竹市私立臺師8號文理短期補習班,新竹市光復路一段371號2樓之1、之2、之3、之4、之5,(03)5798822,府教社字第113003766號,2024-02-29,taisigma.bsb@gmail.com,文理類,新竹市政府
9,新竹市私立謙鋮文理短期補習班,新竹市北區金雅路155號1樓,(03)5351681,府教社字第1130019193號,2024-01-19,,文理類,新竹市政府
1,新竹縣私立學儷文理短期補習班,湖口鄉吉祥街82巷7號1樓及夾層,0980070763,府授教終字第1139550965號,2024-06-03,,文理類,新竹縣政府
2,新竹縣私立超勝美語文理短期補習班,竹北市莊敬七街130號1樓,(03)6681312,府授教終字第1139550746號,2024-05-13,ronvicfu@gmail.com,文理類,新竹縣政府
3,新竹縣私立知芽文理短期補習班,竹北市成功九街40號1-4樓,(03)6589987,府授教終字第1139550599號,2024-04-17,,文理類,新竹縣政府
4,新竹縣私立育承文理短期補習班,湖口鄉明德街85號1樓、87號1樓,(03)5905047,府授教終字第1139550586號,2024-04-15,jellypie8@gmail.com,文理類,新竹縣政府
5,新竹縣私立巨碁文理短期補習班,竹北市文興路333號4樓、335號4樓,(03)6579881,府授教終字第1139550430號,2024-03-15,yinglu110709@gmail.com,文理類,新竹縣政府
6,新竹縣私立收放文理短期補習班,竹東鎮中央路91號1-2樓,(03)6213566,府授教終字第1139550362號,2024-03-04,,文理類,新竹縣政府
7,新竹縣私立沐恩文理短期補習班,竹北市文采街147號1-4樓,(03)5586173,府授教終字第1139550297號,2024-02-23,,文理類,新竹縣政府
8,新竹縣私立聿宸文理短期補習班,湖口鄉新湖路163號1樓,0905183475,府授教終字第1139550169號,2024-02-07,mike965123@hotmail.com,文理類,新竹縣政府
9,艾學爾國際有限公司附設新竹縣私立艾學爾文理短期補習班嘉豐分班,竹北市嘉豐二街一段131巷39號1-4樓,(03)6681495,府授教終字第1139550158號,2024-01-24,,文理類,新竹縣政府
10,新竹縣私立越智文理短期補習班,竹北市復興三路一段89號1樓,0960797509,府授教終字第1121201745號,2024-01-18,,文理類,新竹縣政府
11,新竹縣私立豆豆老師才藝短期補習班,新竹縣新豐鄉明新一街165號1樓,0919937879,府授教終字第1139550127號,2024-01-18,,美術、書法、攝影、美工設計、圍棋類,新竹縣政府
12,新竹縣私立孔夫子文理技藝短期補習班,竹東鎮興農街73號1-4樓,(03)5943668,府授教終字第1129552480號,2023-12-04,evan8819@gmail.com,文理類,新竹縣政府
1,苗栗縣私立智慧樹技藝文理短期補習班,苗栗縣通霄鎮通東里3鄰忠孝路4巷2號1-2樓,0933-261012,府教社字第1130129988號,2024-06-19,duncan0208@gmail.com,文理類,苗栗縣政府
2,苗栗縣私立竹軒技藝短期補習班,苗栗縣苗栗市文山里正發路221號1樓,(037)368120,府教社字第1130071868號,2024-04-08,kikib0903@gmail.com,音樂、舞蹈類,苗栗縣政府
3,苗栗縣私立小荳荳文理技藝短期補習班后庄分班,苗栗縣頭份市文化街37號1-2樓,(037)590252,府教社字第1130062426號,2024-03-25,tigercat43@gmail.com,文理類,苗栗縣政府
4,苗栗縣私立金星教育文理短期補習班,苗栗縣頭份市大同路146號1樓,0980069281,府教社字第1130046816號,2024-03-05,lingotreetoufen01@gmail.com,文理類,苗栗縣政府
5,苗栗縣私立紅人奕禾才藝文理短期補習班,苗栗縣竹南鎮竹南里13鄰民治街86號1樓,0938262868,府教社字第1130042554號,2024-02-27,k267268@gmail.com,文理類,苗栗縣政府
6,苗栗縣私立格林文理短期補習班,苗栗縣頭份市大興街31號3樓,(037)669865,府教社字第1130040456號,2024-02-23,su481104@ms27.hinet.net,文理類,苗栗縣政府
7,苗栗縣私立博丞文理短期補習班,苗栗縣竹南鎮環市路三段86號2樓,(037)464518,府教社字第1130034084號,2024-02-16,master640802@yahoo.com.tw,文理類,苗栗縣政府
8,苗栗縣私立迪仕尼文理短期補習班,苗栗縣苗栗市玉華里1鄰玉清街4號2樓,(037)320002,府教社字第1130030911號,2024-02-06,cherry.wong@msa.hinet.net,文理類,苗栗縣政府
9,苗栗縣私立大樹文理短期補習班,苗栗縣頭份市昌隆一街290號,(037)690031,府教社字第1130021245號,2024-01-25,awefb2000@gmail.com,文理類,苗栗縣政府
10,苗栗縣私立誠曜文理技藝短期補習班,苗栗縣苗栗市北苗里蕉嶺街19鄰17巷8號1-2樓,(037)360275,府教社字第1130001644號,2024-01-03,love622718@gmail.com,文理類,苗栗縣政府
1,彰化縣私立蘋果美日語短期補習班員林分班,員林市仁愛里員東路二段296號1樓、2樓,(04)723-2839,府教社字第1130199292號,2024-06-24,ringonoki.taiwan@gmail.com,外語類,彰化縣政府
2,彰化縣私立巧巧文理短期補習班,埔心鄉義民村員鹿路二段152號1樓及154號1樓,(04)852-3609,府教社字第1130199292號,2024-06-21,nico828384@gmail.com,文理類,彰化縣政府
3,彰化縣私立仁美文理短期補習班,和美鎮和東里仁美路70號1樓、2樓,(04)755-7563,府教社字第1130191559號,2024-06-18,j423j7@gmail.com,文理類,彰化縣政府
4,彰化縣私立立愛文理短期補習班,和美鎮山犁里仁愛路316號1樓、2樓,(04)756-5755,府教社字第1130181332號,2024-06-03,yuting811192@gmail.com,文理類,彰化縣政府
5,彰化縣私立凱西文理短期補習班,鹿港鎮永安里光明街110號1樓、2樓,(04)7766-445,府教社字第1130146852號,2024-05-14,alex.chang0212@gmail.com,文理類,彰化縣政府
6,彰化縣私立杜克文理短期補習班,伸港鄉泉州村仁愛路69號1樓、2樓,(04)798-6033,府教社字第1130151540號,2024-05-14,hersun0412@gmail.com,文理類,彰化縣政府
7,彰化縣私立稻盛文理短期補習班,和美鎮仁愛里道周路540號1樓、2樓,(04)755-0685,府教社字第1130138406號,2024-05-10,isaduerfy0715@yahoo.com.tw,文理類,彰化縣政府
8,彰化縣私立師匠文理短期補習班,彰化市南興里雲長路91號1樓至4樓,(04)712-3589、(04)711-8989,府教社字第1130147538號,2024-05-06,7123589@gmail.com,文理類,彰化縣政府
9,彰化縣私立樂奇文理短期補習班僑信分班,員林市三信里育英路566號1樓、2樓,(04)833-0212,府教社字第1130104674號,2024-04-10,Faifai6011@gmail.com,文理類,彰化縣政府
10,彰化縣私立南陽文理短期補習班,彰化市光南里中興路138號1樓、2樓,(04)720-1717,府教社字第1130098166號,2024-04-01,ilovedriver717@gmail.com,文理類,彰化縣政府
11,彰化縣私立安德儒美語短期補習班,彰化市延和里中山路一段296號2樓,(04)713-6666,府教社字第1130074938號,2024-03-28,vivianpurves@gmail.com,外語類,彰化縣政府
12,彰化縣私立鹿民文理短期補習班,鹿港鎮泰興里三民路28號2樓,(04)778-2355,府教社字第1130079098號,2024-03-27,lulumi760809@gmail.com,文理類,彰化縣政府
13,彰化縣私立杜米美語短期補習班,彰化市信義里民生路329號1樓、2樓,(04)727-0277,府教社字第1130083385號,2024-03-19,ianlin890206@gmail.com,文理類,彰化縣政府
14,彰化縣私立小手基地文理美術短期補習班,員林市仁愛里員東路二段362巷31號1樓,(04)839-8439,府教社字第1130067972號,2024-03-18,jia750701@gmail.com,文理類,彰化縣政府
15,彰化縣私立維多利亞文理短期補習班,溪湖鎮湖東里大溪路二段289號1樓、2樓,(04)882-0808,府教社字第1130066510號,2024-03-07,100926012i@gmail.com,文理類,彰化縣政府
16,彰化縣私立袋鼠家美術短期補習班,彰化市大埔路460巷3號1樓、2樓,(04)711-6866,府教社字第1130067006號,2024-03-05,wwhsiang@gmail.com,美術、書法、攝影、美工設計、圍棋類,彰化縣政府
17,彰化縣私立清洋文理短期補習班,溪湖鎮湖東里大溪路二段365巷75號1樓、2樓,(04)8858-438,府教社字第1130030598號,2024-02-21,sc30002@gmail.com,文理類,彰化縣政府
18,彰化縣私立晟棋文理短期補習班,溪湖鎮大突里大政三街6號1樓、2樓,(04)885-1066,府教社字第1130030600號,2024-02-17,celinalai0916@gmail.com,文理類,彰化縣政府
19,彰化縣私立多多龍文理短期補習班,鹿港鎮頭崙里頂草路二段66號2樓,(04)772-2678,府教社字第1130004295號,2024-01-29,golden590123123@gmail.com,文理類,彰化縣政府
20,彰化縣私立愛妮英文短期補習班,北斗鎮地政路81號2樓,(04)887-7290,府教社字第1130018875號,2024-01-29,dreambig1108@gmail.com,外語類,彰化縣政府
21,彰化縣私立國科大文理短期補習班彰化分班,彰化市長樂里中正路二段5號3樓,(04)723-9090,府教社字第1130007942號,2024-01-22,tkd7239090@gmail.com,文理類,彰化縣政府
22,彰化縣私立志佳文理短期補習班,伸港鄉大同村大同路14之3號1樓、2樓,(04)799-0552,府教社字第1120485848號,2023-12-20,kethy958852@gmail.com,文理類,彰化縣政府
23,彰化縣私立奧美文理短期補習班,員林市仁愛里三民東街242號1樓、2樓,(04)839-8337,府教社字第1120462802號,2023-12-08,apekite@gmail.com,文理類,彰化縣政府
24,彰化縣私立安妮文理短期補習班,鹿港鎮埔崙里永寧街31號2樓,(04)778-2496,府教社字第1120459641號,2023-12-07,b0923396255@gmail.com,文理類,彰化縣政府
25,彰化縣私立不惑文理短期補習班,員林市三和里成功路44號1樓、2樓,(04)833-8303,府教社字第1120451504號,2023-12-06,secondoldtu@gmail.com,文理類,彰化縣政府
26,彰化縣私立大全文理短期補習班民生分班,彰化市文化里中民街10號1樓、2樓,(04)728-2707,府教社字第1120442266號,2023-12-01,he910727@gmail.com,文理類,彰化縣政府
1,私立語響力文理短期補習班,雲林縣虎尾鎮民族路5號(1-2樓),0910008128,府教社二字第1132431707號,2024-06-25,,文理類,雲林縣政府
2,私立格律音樂技藝短期補習班,雲林縣虎尾鎮中山路36號(1樓),0912368958,府教社二字第1132405779號,2024-01-10,erahuwei@gmail.com,音樂、舞蹈類,雲林縣政府
1,嘉義市私立仕學文理短期補習班,嘉義市東區蘭井街96號(1樓),(05)2224036,府教社字第1131502702號,2024-02-16,,文理類,嘉義市政府
2,嘉義市私立忍文理技藝短期補習班,嘉義市杭州一街38號(1-2樓),(05)2345912,府教社字第1131500948號,2024-01-16,,文理類,嘉義市政府
3,雲門國際事業股份有限公司附設嘉義市私立飛越技藝短期補習班,600014嘉義市東區中山路48號(2-3樓),05-2788049,府教社字第1131500849號,2024-01-15,service_cgds@cgds.com.tw,音樂、舞蹈類,嘉義市政府
1,私立快樂地球村短期補習班,布袋鎮新厝里新厝仔321號之6(1樓),(05),府教終字第1130164944號,2024-06-27,g9hsiao@gmail.com,文理類,嘉義縣政府
2,私立邦妮短期補習班,嘉義縣布袋鎮新厝里新厝仔341之3號(1樓),(05)2345912,府教社字第1130098120號,2024-04-17,,外語類,嘉義縣政府
3,私立育林文理短期補習班,嘉義縣朴子市祥和三路西段185號(1~2樓),(05),府教社字第1120311170號,2023-12-19,smallip2001@gmail.com,文理類,嘉義縣政府
4,私立加勤短期補習班,嘉義縣新港鄉宮前村古民街8巷46號(1樓),(05)3747561,府教社字第1120304614號,2023-12-12,dylan0405@gmail.com,文理類,嘉義縣政府
1,屏東縣私立吳圖技藝文理短期補習班,屏東市建豐路291號3樓,0928-012602,府教終字第11273614900號,2024-01-03,wutugo.edu@gmail.com,美術、書法、攝影、美工設計、圍棋類,屏東縣政府
2,屏東縣私立米奇美語文理短期補習班,潮州鎮三合路84號,0921580148,府教終字第11272445100,2023-12-14,,文理類,屏東縣政府
3,屏東縣私立儒林文理短期補習班國中部分班,屏東市廣東路1516號2樓,08-7346642,屏府教終字第11270988500號,2023-12-13,can661102@gmail.com,文理類,屏東縣政府
1,私立梅氏英文短期補習班,頭城鎮頭濱路三段223號,(03),府教多字第1130077498號,2024-06-07,,外語類,宜蘭縣政府
2,私立來學空間文理短期補習班,宜蘭市泰山路149號1-2樓,(03),府教多字第1130072560號,2024-05-20,,文理類,宜蘭縣政府
3,私立一橋文理才藝短期補習班宜蘭分班,宜蘭市吉祥路120號,(03)9313726,府教多字第1130041000號,2024-04-15,,文理類,宜蘭縣政府
4,私立艾克蒙恩文理短期補習班,蘇澳鎮忠孝路401號1樓,0975790852,府教多字第1130042624號,2024-04-01,eva0107s@gmail.com,文理類,宜蘭縣政府
5,私立宏家文理短期補習班,宜蘭市陽明三路20號,(03)9374930,府教多字第1130017930號,2024-03-06,,文理類,宜蘭縣政府
6,財團法人天主教蘭陽青年會附設私立蘭陽文理短期補習班,羅東鎮北成路一段189之1號,(03)9511161,府教多字第1130013805號,2024-02-07,,文理類,宜蘭縣政府
7,私立古飛特美術技藝短期補習班,宜蘭市力新路171號,0937160330,府教多字第1120216901號,2024-01-08,a012222002@gmail.com,美術、書法、攝影、美工設計、圍棋類,宜蘭縣政府
8,私立芯悅寶貝文理短期補習班,宜蘭市民族路497號1-2樓,(03),府教多字第11216053號,2024-01-03,a97389@gmail.com,文理類,宜蘭縣政府
1,私立邱名文理短期補習班,花蓮市花蓮市自由街150號4樓之2,(03)8355878,府教終字第1130106548號,2024-06-11,hichu_david22@hotmail.com.tw,文理類,花蓮縣政府
2,私立張華辛美術技藝短期補習班,花蓮市花蓮市仁愛街79號,0912946516,府教終字第1130106597號,2024-06-11,huahsin@protonmail.com,美術、書法、攝影、美工設計、圍棋類,花蓮縣政府
3,私立小羊的家短期補習班,花蓮市自由街150號3樓之1,(03),府教終字第1130079111號,2024-04-25,f883118@yahoo.com.tw,文理類,花蓮縣政府
4,私立夢想家蒔荐教室文理短期補習班,花蓮市花蓮市中美路81號1-2樓,(03),府教終字第1130020010號,2024-01-31,x8510523@gmail.com,文理類,花蓮縣政府
1,臺東縣私立黃薇創意作文短期補習班,臺東市博愛路105號1-2樓,0937-123898,府教終字第1130021113號,2024-01-26,,文理類,臺東縣政府
1,私立三之三才藝短期補習班,澎湖縣馬公市三多路49、51號1至2樓,(06)9271022,府教社字第1130010170號,2024-03-13,,文理類,澎湖縣政府
